,region,hypervolume,n.species
0,Afrotropic,206195.543183352,203
1,Indomalayan,99061.65603915464,112
2,Neotropic,144163.01613491224,112
3,all,283786.01267093286,423
